wall_time,pid,threads,rss_kib,vsz_kib
2026-07-24T16:28:02,240647234+08:00,30037,15,160648,999720
2026-07-24T16:28:03,254091240+08:00,30037,15,161060,1000544
2026-07-24T16:28:04,266669854+08:00,30037,15,158808,999568
2026-07-24T16:28:05,274919877+08:00,30037,15,159280,999804
2026-07-24T16:28:06,284312224+08:00,30037,15,159744,1000036
2026-07-24T16:28:07,292828285+08:00,30037,15,160212,1000268
2026-07-24T16:28:08,301614183+08:00,30037,15,160612,999960
2026-07-24T16:28:09,310702780+08:00,30037,15,161188,1000428
2026-07-24T16:28:10,318652098+08:00,30037,15,161816,1000820
2026-07-24T16:28:11,327837005+08:00,30037,15,162288,1004324
2026-07-24T16:28:12,336421912+08:00,30037,15,162760,1004560
2026-07-24T16:28:13,344313941+08:00,30037,15,163224,1004792
2026-07-24T16:28:14,352721977+08:00,30037,15,163696,1005028
2026-07-24T16:28:15,360764505+08:00,30037,15,164164,1005264
2026-07-24T16:28:16,370480980+08:00,30037,15,164632,1005496
2026-07-24T16:28:17,378944161+08:00,30037,15,165100,1005732
2026-07-24T16:28:18,386930818+08:00,30037,15,165568,1005964
2026-07-24T16:28:19,397486781+08:00,30037,15,166032,1006196
2026-07-24T16:28:20,406088129+08:00,30037,15,166496,1006428
2026-07-24T16:28:21,413972459+08:00,30037,15,166968,1006664
2026-07-24T16:28:22,422135053+08:00,30037,15,167440,1006900
2026-07-24T16:28:23,429876808+08:00,30037,15,167912,1007136
2026-07-24T16:28:24,437970129+08:00,30037,15,168376,1013460
2026-07-24T16:28:25,448482957+08:00,30037,15,168840,1013692
2026-07-24T16:28:26,456646648+08:00,30037,15,169304,1013924
2026-07-24T16:28:27,466405083+08:00,30037,15,169768,1014156
2026-07-24T16:28:28,474183088+08:00,30037,15,170228,1014388
2026-07-24T16:28:29,484153061+08:00,30037,15,170692,1014620
2026-07-24T16:28:30,493257254+08:00,30037,15,171160,1014852
2026-07-24T16:28:31,502037831+08:00,30037,15,171632,1015088
2026-07-24T16:28:32,511103300+08:00,30037,15,172096,1015320
2026-07-24T16:28:33,519181383+08:00,30037,15,172560,1015552
2026-07-24T16:28:34,527220482+08:00,30037,15,173032,1015788
2026-07-24T16:28:35,535163468+08:00,30037,15,173496,1016020
2026-07-24T16:28:36,543153931+08:00,30037,15,173960,1016252
2026-07-24T16:28:37,551812145+08:00,30037,15,174424,1016484
2026-07-24T16:28:38,559599562+08:00,30037,15,174896,1016720
2026-07-24T16:28:39,567423640+08:00,30037,15,175360,1016952
2026-07-24T16:28:40,575409090+08:00,30037,15,175824,1017184
2026-07-24T16:28:41,583538652+08:00,30037,15,176296,1017420
2026-07-24T16:28:42,592478626+08:00,30037,15,176760,1017652
2026-07-24T16:28:43,602972891+08:00,30037,15,177232,1017888
2026-07-24T16:28:44,613381138+08:00,30037,15,177696,1018120
2026-07-24T16:28:45,622361374+08:00,30037,15,178160,1018352
2026-07-24T16:28:46,632928108+08:00,30037,15,178628,1018584
2026-07-24T16:28:47,641398622+08:00,30037,15,179092,1018816
2026-07-24T16:28:48,649179628+08:00,30037,15,179564,1019052
2026-07-24T16:28:49,657576338+08:00,30037,15,180028,1019284
2026-07-24T16:28:50,666627127+08:00,30037,15,180492,1019516
2026-07-24T16:28:51,675544579+08:00,30037,15,180964,1032328
2026-07-24T16:28:52,683572680+08:00,30037,15,181428,1032560
2026-07-24T16:28:53,691825523+08:00,30037,15,181892,1032792
2026-07-24T16:28:54,699963696+08:00,30037,15,182356,1033024
2026-07-24T16:28:55,711798135+08:00,30037,15,182820,1033256
2026-07-24T16:28:56,720717739+08:00,30037,15,183292,1033492
2026-07-24T16:28:57,728960277+08:00,30037,15,183756,1033724
2026-07-24T16:28:58,737210917+08:00,30037,15,184452,1034188
2026-07-24T16:28:59,745174485+08:00,30037,15,184924,1034424
2026-07-24T16:29:00,753905325+08:00,30037,15,185396,1034660
2026-07-24T16:29:01,762254397+08:00,30037,15,185868,1034896
2026-07-24T16:29:02,770836199+08:00,30037,15,186332,1035128
2026-07-24T16:29:03,778967297+08:00,30037,15,186936,1035956
2026-07-24T16:29:04,787228731+08:00,30037,15,187348,1036136
2026-07-24T16:29:05,794902862+08:00,30037,15,187812,1036368
2026-07-24T16:29:06,804602325+08:00,30037,15,188284,1036604
2026-07-24T16:29:07,812997428+08:00,30037,15,188748,1036836
