index,timestamp_ns,x,y,z,qx,qy,qz,qw,loaded_from_map,cloud_file
0,1786612539945857048,-0.00234071,-0.00462051,-0.0197424,0.000123737,-6.18805e-06,0.000456532,1,0,keyframes/keyframe_000000.pcd
1,1786612583445872783,-0.156988,0.0316334,0.00764821,0.0067845,0.00921869,-0.00102933,0.999934,0,keyframes/keyframe_000001.pcd
2,1786612583945604324,-0.310731,0.0760446,0.0568814,-0.00103613,0.0212637,0.00511045,0.99976,0,keyframes/keyframe_000002.pcd
3,1786612584446734428,-0.420522,0.12773,0.158597,0.00554514,0.0574278,0.00628539,0.998314,0,keyframes/keyframe_000003.pcd
4,1786612584946894407,-0.369822,0.156757,0.205642,0.00831773,0.00586787,0.00516247,0.999935,0,keyframes/keyframe_000004.pcd
5,1786612585546285152,-0.313937,0.172059,0.362945,0.00688569,-0.00474559,0.00439003,0.999955,0,keyframes/keyframe_000005.pcd
6,1786612585946241855,-0.351882,0.162561,0.517428,0.00840493,-0.00226234,0.00757507,0.999933,0,keyframes/keyframe_000006.pcd
7,1786612586646024703,-0.488211,0.105677,0.489612,0.00234763,0.0161302,0.00883345,0.999828,0,keyframes/keyframe_000007.pcd
8,1786612587245636463,-0.610236,0.0548565,0.397311,-0.00246075,0.019266,0.00608914,0.999793,0,keyframes/keyframe_000008.pcd
9,1786612588245786666,-0.698011,0.0490942,0.268498,-0.00954993,0.0227586,-0.000133714,0.999695,0,keyframes/keyframe_000009.pcd
10,1786612589145900249,-0.657196,0.169307,0.175116,0.0059187,0.0176993,-0.00614107,0.999807,0,keyframes/keyframe_000010.pcd
11,1786612590646505832,-0.555427,0.230355,0.0781492,0.00759271,0.0135736,-0.0175509,0.999725,0,keyframes/keyframe_000011.pcd
12,1786612596546579599,-0.514506,0.147705,0.198641,0.00559821,0.0164965,0.00904544,0.999807,0,keyframes/keyframe_000012.pcd
13,1786612597646289587,-0.438687,0.118067,0.332801,0.00456844,0.00678569,0.00845432,0.999931,0,keyframes/keyframe_000013.pcd
14,1786612598545948743,-0.463386,0.0735738,0.478634,-0.00134765,0.0110784,0.00704636,0.999913,0,keyframes/keyframe_000014.pcd
15,1786612599445732355,-0.52714,0.0972746,0.624516,0.00187429,0.0169411,0.00727712,0.999828,0,keyframes/keyframe_000015.pcd
16,1786612601345745563,-0.653796,0.0959852,0.705076,0.000312921,0.0241541,-0.00107119,0.999708,0,keyframes/keyframe_000016.pcd
17,1786612602745662927,-0.480526,0.0806253,0.728068,-0.00135274,0.0303668,-0.00264207,0.999534,0,keyframes/keyframe_000017.pcd
18,1786612603245765447,-0.296322,0.0692506,0.722173,-0.00231012,0.0263131,-0.00035107,0.999651,0,keyframes/keyframe_000018.pcd
19,1786612603646660804,-0.118623,0.0475773,0.739747,-0.00251226,0.0234823,0.000696098,0.999721,0,keyframes/keyframe_000019.pcd
20,1786612604046649456,0.0720054,0.0311988,0.749645,-0.0075298,0.0191211,0.00202624,0.999787,0,keyframes/keyframe_000020.pcd
21,1786612604346469402,0.221886,0.0254325,0.743557,-0.00701511,0.0169397,0.00316936,0.999827,0,keyframes/keyframe_000021.pcd
22,1786612604746371984,0.40832,0.0341636,0.759258,-0.00799053,0.0169448,0.00450093,0.999814,0,keyframes/keyframe_000022.pcd
23,1786612605146126985,0.589445,0.0584694,0.77942,-0.00684345,0.0189748,0.00327682,0.999791,0,keyframes/keyframe_000023.pcd
24,1786612605546149730,0.767519,0.0955197,0.79617,-0.00269581,0.0177635,0.00191019,0.999837,0,keyframes/keyframe_000024.pcd
25,1786612605945989847,0.935552,0.138093,0.809571,0.00159519,0.0259173,-0.00128708,0.999662,0,keyframes/keyframe_000025.pcd
26,1786612606345765352,1.1081,0.180478,0.84038,0.00666836,0.0332739,-0.00361382,0.999417,0,keyframes/keyframe_000026.pcd
27,1786612606645853757,1.26014,0.208733,0.86083,-0.00094187,0.0295635,0.000628917,0.999562,0,keyframes/keyframe_000027.pcd
28,1786612606945688247,1.43518,0.244089,0.876137,-0.0043864,0.0253406,0.00459967,0.999659,0,keyframes/keyframe_000028.pcd
29,1786612607245799779,1.6133,0.285685,0.904886,-0.000975142,0.0214248,0.0052104,0.999756,0,keyframes/keyframe_000029.pcd
30,1786612607545692443,1.78248,0.333896,0.909138,0.00358973,0.0180557,0.00460715,0.99982,0,keyframes/keyframe_000030.pcd
31,1786612607845692396,1.94811,0.374887,0.920333,0.00499766,0.0147964,0.00217616,0.999876,0,keyframes/keyframe_000031.pcd
32,1786612608145671844,2.11462,0.412323,0.944369,0.0052495,0.0186655,0.00125722,0.999811,0,keyframes/keyframe_000032.pcd
33,1786612608445629596,2.26508,0.444389,0.966888,0.0041054,0.0233938,0.0013674,0.999717,0,keyframes/keyframe_000033.pcd
34,1786612608745763540,2.41144,0.473618,1.00007,0.0103359,0.0240676,-0.00112592,0.999656,0,keyframes/keyframe_000034.pcd
35,1786612609045750856,2.56933,0.483536,1.02234,0.0125938,0.0226178,-0.00574084,0.999648,0,keyframes/keyframe_000035.pcd
36,1786612609345839262,2.72059,0.4834,1.05153,0.00580082,0.0238179,-0.007108,0.999674,0,keyframes/keyframe_000036.pcd
37,1786612609745897054,2.91587,0.477629,1.06332,-4.66155e-05,0.0223305,-0.00193382,0.999749,0,keyframes/keyframe_000037.pcd
38,1786612610145633935,3.10664,0.468888,1.08435,0.00399726,0.0323734,0.00137996,0.999467,0,keyframes/keyframe_000038.pcd
39,1786612610445740938,3.26608,0.46305,1.12183,-0.00608166,0.0374852,0.004719,0.999268,0,keyframes/keyframe_000039.pcd
40,1786612610745780706,3.44816,0.472085,1.13084,-0.0103109,0.0279778,0.00647885,0.999534,0,keyframes/keyframe_000040.pcd
41,1786612611045630455,3.61927,0.496521,1.14112,-0.000295285,0.0316095,0.00750278,0.999472,0,keyframes/keyframe_000041.pcd
42,1786612611346639394,3.81816,0.530065,1.15089,0.00698334,0.0329766,0.00420954,0.999423,0,keyframes/keyframe_000042.pcd
43,1786612611646667718,4.0124,0.555626,1.15877,0.0024016,0.0329894,0.00142605,0.999452,0,keyframes/keyframe_000043.pcd
44,1786612611946892499,4.22718,0.582631,1.16764,0.000337764,0.0276134,0.00389869,0.999611,0,keyframes/keyframe_000044.pcd
45,1786612612246528387,4.44807,0.608898,1.19654,0.00146605,0.0247461,0.00842432,0.999657,0,keyframes/keyframe_000045.pcd
46,1786612612446451425,4.59533,0.623432,1.22236,0.00498314,0.0189793,0.0108101,0.999749,0,keyframes/keyframe_000046.pcd
47,1786612612746361970,4.79785,0.636465,1.25504,0.014876,0.0255725,8.70834e-06,0.999562,0,keyframes/keyframe_000047.pcd
48,1786612613045983791,4.98287,0.627581,1.25255,0.00679262,0.0337705,0.0014284,0.999406,0,keyframes/keyframe_000048.pcd
49,1786612613346132040,5.19116,0.612113,1.26048,-0.00568077,0.0332025,0.00592865,0.999415,0,keyframes/keyframe_000049.pcd
50,1786612613646189928,5.40612,0.603726,1.27233,-0.000732602,0.0205398,0.00150881,0.999788,0,keyframes/keyframe_000050.pcd
51,1786612613946233749,5.61283,0.595219,1.29505,-0.00375639,0.0296862,0.00576442,0.999536,0,keyframes/keyframe_000051.pcd
52,1786612614146315813,5.76158,0.595705,1.32026,-0.0104988,0.0327923,0.00762168,0.999378,0,keyframes/keyframe_000052.pcd
53,1786612614446599721,5.98206,0.611628,1.36679,-0.00967692,0.0269663,0.00664777,0.999567,0,keyframes/keyframe_000053.pcd
54,1786612614745633363,6.19304,0.638321,1.37521,-0.00294041,0.0236599,0.00490441,0.999704,0,keyframes/keyframe_000054.pcd
55,1786612615045671939,6.40051,0.675905,1.39058,0.0060397,0.0248317,0.00655595,0.999652,0,keyframes/keyframe_000055.pcd
56,1786612615346246242,6.60941,0.707343,1.41379,0.0111512,0.0265802,0.00966808,0.999538,0,keyframes/keyframe_000056.pcd
57,1786612615645789861,6.80106,0.731459,1.44349,0.00547752,0.0264914,0.0142223,0.999533,0,keyframes/keyframe_000057.pcd
58,1786612615945906639,7.00032,0.75751,1.46191,0.00281758,0.0252486,0.0122934,0.999602,0,keyframes/keyframe_000058.pcd
59,1786612616246183395,7.2067,0.789714,1.46762,0.00835208,0.0265972,0.013316,0.999523,0,keyframes/keyframe_000059.pcd
60,1786612616546460866,7.41136,0.83404,1.4582,0.00422842,0.0225065,0.0105324,0.999682,0,keyframes/keyframe_000060.pcd
61,1786612616845600605,7.60323,0.874743,1.44332,0.0154621,0.0231438,0.00472194,0.999601,0,keyframes/keyframe_000061.pcd
62,1786612617145897388,7.80981,0.908081,1.42479,0.0156455,0.0265714,-0.0037407,0.999517,0,keyframes/keyframe_000062.pcd
63,1786612617445744514,8.00491,0.922267,1.38987,0.0135323,0.0244034,-0.0102149,0.999558,0,keyframes/keyframe_000063.pcd
64,1786612617745734214,8.19569,0.922404,1.36269,0.0164281,0.0311269,-0.0110303,0.99932,0,keyframes/keyframe_000064.pcd
65,1786612618045665740,8.40647,0.900938,1.34763,0.00722983,0.0362309,-0.00730127,0.999291,0,keyframes/keyframe_000065.pcd
66,1786612618245901584,8.56564,0.88546,1.32088,-0.00897905,0.0386928,-0.0011072,0.99921,0,keyframes/keyframe_000066.pcd
67,1786612618446130990,8.7281,0.882608,1.29781,-0.0095192,0.0353858,0.00349412,0.999322,0,keyframes/keyframe_000067.pcd
68,1786612618646247148,8.89203,0.888988,1.28751,-0.00202517,0.0316891,0.00318002,0.999491,0,keyframes/keyframe_000068.pcd
69,1786612618846437454,9.05602,0.896934,1.26734,0.00749075,0.0291047,0.000429093,0.999548,0,keyframes/keyframe_000069.pcd
70,1786612619046521902,9.23589,0.907979,1.2533,0.010991,0.0229464,-0.000651977,0.999676,0,keyframes/keyframe_000070.pcd
71,1786612619245782613,9.40528,0.911998,1.22903,0.00796052,0.0175428,-0.00197812,0.999812,0,keyframes/keyframe_000071.pcd
72,1786612619445740938,9.57561,0.913764,1.20557,0.0054154,0.0156539,0.000959871,0.999862,0,keyframes/keyframe_000072.pcd
73,1786612619645775556,9.73092,0.91391,1.19337,-0.000676608,0.0121926,0.00440279,0.999916,0,keyframes/keyframe_000073.pcd
74,1786612619945897817,9.9471,0.926643,1.19834,0.00307383,0.0134779,0.00378796,0.999897,0,keyframes/keyframe_000074.pcd
75,1786612620245647192,10.1425,0.942519,1.16673,0.00189149,0.0153259,0.00120681,0.99988,0,keyframes/keyframe_000075.pcd
76,1786612620545778751,10.3223,0.970697,1.10521,0.0010464,0.0180757,0.000119298,0.999836,0,keyframes/keyframe_000076.pcd
77,1786612620846072912,10.5078,1.01147,1.07701,0.00196969,0.020809,0.000618683,0.999781,0,keyframes/keyframe_000077.pcd
78,1786612621146085023,10.6738,1.05114,1.07047,0.00741132,0.0198716,0.000259865,0.999775,0,keyframes/keyframe_000078.pcd
79,1786612621446427345,10.8411,1.08646,1.05192,0.00758523,0.0244786,0.00284849,0.999668,0,keyframes/keyframe_000079.pcd
80,1786612621745650053,11.0015,1.12325,1.01419,0.00623538,0.0291086,0.00502755,0.999544,0,keyframes/keyframe_000080.pcd
81,1786612622045805931,11.1915,1.15543,0.983798,0.0108537,0.0281998,0.00519421,0.99953,0,keyframes/keyframe_000081.pcd
82,1786612622345618486,11.3861,1.18251,0.962556,0.00687714,0.0234493,0.00509369,0.999688,0,keyframes/keyframe_000082.pcd
83,1786612622645789861,11.5763,1.19527,0.94986,0.00677128,0.0238129,0.00214039,0.999691,0,keyframes/keyframe_000083.pcd
84,1786612622945675849,11.7705,1.20836,0.930362,0.00810341,0.0308374,0.00303801,0.999487,0,keyframes/keyframe_000084.pcd
85,1786612623245721340,11.9703,1.21811,0.90419,0.00333375,0.0191958,0.0048041,0.999799,0,keyframes/keyframe_000085.pcd
86,1786612623545904636,12.1607,1.2283,0.894145,0.00169575,-0.011299,0.00915367,0.999893,0,keyframes/keyframe_000086.pcd
87,1786612623946190595,12.3139,1.24059,0.869281,0.00593583,-0.0168341,0.0112925,0.999777,0,keyframes/keyframe_000087.pcd
88,1786612624845651388,12.3226,1.24816,0.798969,0.0107092,0.0285421,0.00329553,0.99953,0,keyframes/keyframe_000088.pcd
89,1786612625845686435,12.3789,1.13622,0.705128,-0.00918874,0.0178655,0.00209816,0.999796,0,keyframes/keyframe_000089.pcd
90,1786612627746715784,12.3898,1.15473,0.554939,-0.00618386,0.0202662,0.000182928,0.999775,0,keyframes/keyframe_000090.pcd
91,1786612629045710325,12.434,1.20963,0.412303,0.00190454,0.0192716,0.00388038,0.999805,0,keyframes/keyframe_000091.pcd
92,1786612630546353816,12.3478,1.28769,0.294901,0.000638858,0.00872825,-0.00569616,0.999945,0,keyframes/keyframe_000092.pcd
93,1786612631145706892,12.1897,1.30823,0.260435,0.0025227,0.00881358,0.000316818,0.999958,0,keyframes/keyframe_000093.pcd
94,1786612631645844697,12.0203,1.3143,0.215784,-0.0068821,0.00742885,0.00243731,0.999946,0,keyframes/keyframe_000094.pcd
95,1786612632045974969,11.86,1.33978,0.218008,-0.00292776,0.00802628,0.0024253,0.999961,0,keyframes/keyframe_000095.pcd
96,1786612632445535659,11.6756,1.37686,0.19366,0.00438735,0.00567591,0.00291256,0.99997,0,keyframes/keyframe_000096.pcd
97,1786612632745734453,11.5281,1.4092,0.167758,0.00740978,0.00217846,0.00526629,0.999956,0,keyframes/keyframe_000097.pcd
98,1786612633045772075,11.3658,1.43326,0.126416,0.00619997,0.00294989,0.00833946,0.999942,0,keyframes/keyframe_000098.pcd
99,1786612633345710515,11.1793,1.44506,0.120752,0.00151348,0.00262911,0.00593407,0.999978,0,keyframes/keyframe_000099.pcd
100,1786612633645961761,10.9651,1.45528,0.0956239,0.00148951,0.00310727,0.00506346,0.999981,0,keyframes/keyframe_000100.pcd
101,1786612633946161270,10.7496,1.45894,0.0984231,0.00527911,0.00484786,0.00276398,0.99997,0,keyframes/keyframe_000101.pcd
102,1786612634146026849,10.5988,1.46428,0.124272,0.00490064,0.00336116,0.00318402,0.999977,0,keyframes/keyframe_000102.pcd
103,1786612634346242904,10.4422,1.47109,0.139717,0.000444382,0.00379438,0.00528933,0.999979,0,keyframes/keyframe_000103.pcd
104,1786612634546316862,10.2754,1.47495,0.132088,0.00131461,0.0047634,0.00559694,0.999972,0,keyframes/keyframe_000104.pcd
105,1786612634746326684,10.0953,1.47559,0.115505,0.00479596,0.00516307,0.00525291,0.999961,0,keyframes/keyframe_000105.pcd
106,1786612634945769786,9.91481,1.47641,0.11436,0.00586989,0.00559342,0.00484115,0.999955,0,keyframes/keyframe_000106.pcd
107,1786612635145630836,9.73331,1.47758,0.122614,0.00894889,0.00594732,0.0051277,0.999929,0,keyframes/keyframe_000107.pcd
108,1786612635345659494,9.55194,1.47635,0.126137,0.00958801,0.00612882,0.00527488,0.999921,0,keyframes/keyframe_000108.pcd
109,1786612635545661449,9.35965,1.4701,0.1345,0.00930278,0.00801206,0.00625851,0.999905,0,keyframes/keyframe_000109.pcd
110,1786612635745907306,9.17276,1.45578,0.142515,0.00867494,0.00891392,0.0079333,0.999891,0,keyframes/keyframe_000110.pcd
111,1786612635945884466,8.97755,1.43734,0.146572,0.0096945,0.00810959,0.00764969,0.999891,0,keyframes/keyframe_000111.pcd
112,1786612636146070957,8.78536,1.41625,0.160839,0.00875524,0.0082838,0.00749689,0.999899,0,keyframes/keyframe_000112.pcd
113,1786612636345635414,8.58522,1.38545,0.172147,0.00559917,0.00580701,0.00678759,0.999944,0,keyframes/keyframe_000113.pcd
114,1786612636545736312,8.39002,1.35922,0.180829,0.00450743,0.007344,0.00611435,0.999944,0,keyframes/keyframe_000114.pcd
115,1786612636745818853,8.19377,1.33202,0.174485,0.00632179,0.0116074,0.00642774,0.999892,0,keyframes/keyframe_000115.pcd
116,1786612636945636272,8.00016,1.30915,0.16644,0.00539815,0.0140262,0.00445881,0.999877,0,keyframes/keyframe_000116.pcd
117,1786612637145697355,7.80965,1.28138,0.177187,0.00447164,0.0110685,0.00541236,0.999914,0,keyframes/keyframe_000117.pcd
118,1786612637345833778,7.62385,1.2523,0.190851,0.00578913,0.00991047,0.00369282,0.999927,0,keyframes/keyframe_000118.pcd
119,1786612637545779228,7.43631,1.22197,0.207016,0.0100296,0.0077145,0.00260117,0.999917,0,keyframes/keyframe_000119.pcd
120,1786612637745651006,7.25316,1.18874,0.209455,0.0141433,0.00317697,0.00269634,0.999891,0,keyframes/keyframe_000120.pcd
121,1786612637945748329,7.06151,1.15477,0.207361,0.0157174,0.00486627,0.00189111,0.999863,0,keyframes/keyframe_000121.pcd
122,1786612638145870685,6.88157,1.10998,0.205237,0.013232,0.0127346,0.00150133,0.99983,0,keyframes/keyframe_000122.pcd
123,1786612638346174240,6.69894,1.05939,0.21819,0.0114263,0.0161682,0.00230658,0.999801,0,keyframes/keyframe_000123.pcd
124,1786612638545926809,6.53129,1.00429,0.226224,0.000989212,0.0159589,0.00405965,0.999864,0,keyframes/keyframe_000124.pcd
125,1786612638746227979,6.36472,0.9517,0.230056,-0.00012691,0.0123543,0.0045506,0.999913,0,keyframes/keyframe_000125.pcd
126,1786612638946238040,6.20415,0.901647,0.230431,-0.0127651,0.0121986,0.00596175,0.999826,0,keyframes/keyframe_000126.pcd
127,1786612639146622896,6.05576,0.869005,0.230003,-0.0104099,0.0137357,0.00589662,0.999834,0,keyframes/keyframe_000127.pcd
128,1786612639446499347,5.83223,0.846894,0.234785,-0.00553593,0.0134516,0.00446453,0.999884,0,keyframes/keyframe_000128.pcd
129,1786612639745795488,5.62532,0.835511,0.252348,0.0156005,0.0107719,0.00267918,0.999817,0,keyframes/keyframe_000129.pcd
130,1786612640046548128,5.43107,0.823491,0.247111,0.0108769,0.0107385,0.0034787,0.999877,0,keyframes/keyframe_000130.pcd
131,1786612640345880746,5.24258,0.808471,0.232616,0.00139035,0.00494217,0.00575653,0.99997,0,keyframes/keyframe_000131.pcd
132,1786612640645769834,5.04167,0.790356,0.235944,0.0116837,0.00125983,0.0051072,0.999918,0,keyframes/keyframe_000132.pcd
133,1786612640945913314,4.84178,0.771355,0.25801,0.0131715,-0.00620836,0.000742315,0.999894,0,keyframes/keyframe_000133.pcd
134,1786612641246055126,4.62485,0.73432,0.265331,0.0108883,-0.00284077,0.00078937,0.999936,0,keyframes/keyframe_000134.pcd
135,1786612641445682048,4.47269,0.712467,0.262741,0.00252727,-0.00576318,0.00187419,0.999978,0,keyframes/keyframe_000135.pcd
136,1786612641645925521,4.31093,0.687753,0.261627,0.00575599,-0.00184818,0.00213277,0.999979,0,keyframes/keyframe_000136.pcd
137,1786612641845684289,4.13469,0.660891,0.246646,0.002982,0.00143754,0.00511131,0.999981,0,keyframes/keyframe_000137.pcd
138,1786612642045638322,3.94668,0.633955,0.241004,0.000151864,0.00117248,0.00741662,0.999972,0,keyframes/keyframe_000138.pcd
139,1786612642245826482,3.76725,0.60965,0.252607,0.00511737,0.00598074,0.00924634,0.999926,0,keyframes/keyframe_000139.pcd
140,1786612642445638418,3.58653,0.585794,0.270261,0.0044478,0.014248,0.00440271,0.999879,0,keyframes/keyframe_000140.pcd
141,1786612642645686864,3.41306,0.561534,0.277332,0.00278752,0.0112743,0.00195321,0.999931,0,keyframes/keyframe_000141.pcd
142,1786612642845804452,3.24711,0.531526,0.27596,0.00121189,0.00188231,0.00106481,0.999997,0,keyframes/keyframe_000142.pcd
143,1786612643045817613,3.08456,0.512811,0.28579,-0.000182734,0.00085858,0.000975305,0.999999,0,keyframes/keyframe_000143.pcd
144,1786612643245685577,2.90988,0.500174,0.312921,-0.00292348,0.00321992,-0.00127486,0.99999,0,keyframes/keyframe_000144.pcd
145,1786612643445875644,2.73519,0.49111,0.328821,-0.00116584,0.000824841,-0.00659938,0.999977,0,keyframes/keyframe_000145.pcd
146,1786612643645921707,2.54981,0.492541,0.342216,0.003084,-0.00241801,-0.00429291,0.999983,0,keyframes/keyframe_000146.pcd
147,1786612643846029043,2.3635,0.497628,0.345515,0.0117873,0.0043559,-0.000150441,0.999921,0,keyframes/keyframe_000147.pcd
148,1786612644045947313,2.18364,0.500278,0.358993,0.0160267,0.0127546,0.00155913,0.999789,0,keyframes/keyframe_000148.pcd
149,1786612644246157884,2.00566,0.495004,0.357682,0.0117745,0.0211143,0.00279827,0.999704,0,keyframes/keyframe_000149.pcd
150,1786612644446225643,1.83812,0.486558,0.360405,0.00460529,0.0209222,0.00288874,0.999766,0,keyframes/keyframe_000150.pcd
151,1786612644746190786,1.62236,0.482113,0.365048,0.00704096,0.0183028,0.00352498,0.999801,0,keyframes/keyframe_000151.pcd
152,1786612645046255588,1.40889,0.471672,0.362169,0.0114835,0.0156551,0.00286364,0.999807,0,keyframes/keyframe_000152.pcd
153,1786612645346548557,1.2221,0.450321,0.365592,0.011682,0.0169417,0.00109293,0.999788,0,keyframes/keyframe_000153.pcd
154,1786612645646545410,1.06057,0.425686,0.36833,0.00542139,0.0206179,0.00327585,0.999767,0,keyframes/keyframe_000154.pcd
155,1786612645945676326,0.911482,0.400465,0.386161,0.00798884,0.0305352,0.00542465,0.999487,0,keyframes/keyframe_000155.pcd
156,1786612646545850515,0.763144,0.337983,0.401447,0.00513187,0.035548,0.00215185,0.999352,0,keyframes/keyframe_000156.pcd
157,1786612647745669364,0.773275,0.273265,0.265196,0.000119843,0.00645687,0.00165283,0.999978,0,keyframes/keyframe_000157.pcd
158,1786612648645628213,0.763991,0.296259,0.115224,0.00751006,0.00285814,0.00652525,0.999946,0,keyframes/keyframe_000158.pcd
159,1786612649145672798,0.720211,0.298222,-0.0330648,0.00206407,0.0141864,0.00237804,0.999894,0,keyframes/keyframe_000159.pcd
